milky,line,avoid,quicker,measure
scrubbed,pendent,teeth,jointly,sole
prop,travel,swung,straight,twirl
miracle,greenery,emotion,proven,install
full,circling,purpose,turf,notice
bookshop,prohibit,tipsy,intent,speed
glimpse,regime,puppet,reindeer,perm
send,radio,verify,venom,twitched
quiz,truck,vile,tomorrow,weaken
removing,midriff,interact,ticked,stuck
bulb,quietly,swum,downhill,excited
newsroom,handhold,widely,islander,myself
tweet,hottest,inspire,touchy,itself
bury,chilly,grovel,tumble,spook
wasp,eyesight,wind,timer,tide
hula,point,hiding,comma,teeny
kicked,midwife,graphic,refine,octave
purely,gull,exciting,mumble,emperor
sweet,defined,prefix,poem,ruined
python,opposed,yolk,rubbery,licking
confuse,bejewel,curry,window,fryer
intrude,bore,royal,surfer,windmill
shrunken,reserve,term,cope,trends
woven,train,overpaid,growl,mopping
blurred,trying,mystify,tire,gear
flex,binding,hovered,bluffing,unwell
nobody,sauce,sober,tycoon,tripping
ministry,robin,tomboy,interest,uphill
jazz,mildly,noodle,treat,pier
verge,guest,evil,delta,pupil
nickname,settling,imprison,cell,bode
zipper,moisten,knit,ignored,fill
trunk,texture,unsettle,diet,spot
synonym,kitchen,uncouple,oboe,oiled
tenor,shoe,pullout,youth,policy
rented,vocal,gourmet,trot,rested
tedium,thrive,joining,disco,wrapping
viking,tonic,invite,voyage,beholder
withdrew,revoke,freshen,jiggly,oddly
stuff,bookclub,incoming,twice,peckish
tuck,pudding,risen,boutique,till
shoulder,mime,trek,younger,scorpion
from,hiccup,cart,nicely,sleep
sold,feel,circle,necktie,kettle
bathed,pulpit,multiply,uncover,outdo
jubilee,usher,clown,noun,fool
tongue,sushi,price,urged,tuned
hermit,meringue,pole,stone,solve
befriend,tidy,chestnut,dewy,noon
whiten,stump,neckline,float,quirk
grand,blot,wren,pebble,uncut
lodge,eleven,reflect,closest,tunnel
very,figured,wooden,yearly,whoever
edition,lilac,focused,nominee,pinpoint
snort,invent,centered,void,junction
steer,nephew,flipping,shopping,peppered
dorm,theory,useful,observe,clutter
unisex,zoned,universe,silently,luckily
reverse,fencing,kilo,queried,notified
cheerful,deed,lifebelt,vexed,inspired
beef,jazzy,joker,beehive,tweezer
lining,step,gardener,smile,tube
pure,lightly,turnip,genuine,nestled
overdone,hose,skipping,wrecked,oversize
checkout,unite,wheeled,soil,nearest
still,dish,zest,clog,towel
owed,lunar,scissor,mushy,blinking
modesty,untrue,tourist,beetles,securely
preset,typed,tricycle,keyboard,sunny
thieve,tiled,perky,heater,mass
terrific,drum,bramble,wheezy,pedigree
fruitful,offended,briefest,foreign,voting
toddler,gown,inviting,unpick,parrot
unused,cleaner,codfish,zipped,port
lockout,blushing,trend,jungle,scribble
kale,viewed,include,quarry,whiz
misprint,miner,omit,worthy,viewer
neither,legroom,croak,remotely,perished
grip,tortoise,mockery,memento,showbiz
epic,dart,visual,hydrated,disc
